{
  "fmlloader-1.20.1-47.4.0.jar (modloader)": {
    "jarName": "fmlloader-1.20.1-47.4.0.jar (modloader)",
    "modId": "forge",
    "version": "fmlloader-1.20.1-47.4.0.jar"
  },
  "1.20-1.20.1-MacroKeybinds-1.3.1.jar": {
    "jarName": "1.20-1.20.1-MacroKeybinds-1.3.1.jar",
    "modId": "macrokeybinds",
    "version": "1.3.1"
  },
  "[1.20.1] SecurityCraft v1.10.1.jar": {
    "jarName": "[1.20.1] SecurityCraft v1.10.1.jar",
    "modId": "securitycraft",
    "version": "1.10.1"
  },
  "AI-Improvements-1.20-0.5.2.jar": {
    "jarName": "AI-Improvements-1.20-0.5.2.jar",
    "modId": "aiimprovements",
    "version": "0.5.2"
  },
  "alexscaves-2.0.2.jar": {
    "jarName": "alexscaves-2.0.2.jar",
    "modId": "alexscaves",
    "version": "2.0.2"
  },
  "alexsdelight-1.5.jar": {
    "jarName": "alexsdelight-1.5.jar",
    "modId": "alexsdelight",
    "version": "1.5"
  },
  "alexsmobs-1.22.9.jar": {
    "jarName": "alexsmobs-1.22.9.jar",
    "modId": "alexsmobs",
    "version": "1.22.9"
  },
  "alltheleaks-1.0.8+1.20.1-forge.jar": {
    "jarName": "alltheleaks-1.0.8+1.20.1-forge.jar",
    "modId": "alltheleaks",
    "version": "1.0.8+1.20.1-forge"
  },
  "amendments-1.20-2.2.3.jar": {
    "jarName": "amendments-1.20-2.2.3.jar",
    "modId": "amendments",
    "version": "1.20-2.2.3"
  },
  "ApothicAttributes-1.20.1-1.3.7.jar": {
    "jarName": "ApothicAttributes-1.20.1-1.3.7.jar",
    "modId": "attributeslib",
    "version": "1.3.7"
  },
  "appleskin-forge-mc1.20.1-2.5.1.jar": {
    "jarName": "appleskin-forge-mc1.20.1-2.5.1.jar",
    "modId": "appleskin",
    "version": "2.5.1+mc1.20.1"
  },
  "Aquaculture-1.20.1-2.5.5.jar": {
    "jarName": "Aquaculture-1.20.1-2.5.5.jar",
    "modId": "aquaculture",
    "version": "2.5.5"
  },
  "aquamirae-forge-1.20.1-6.1.2.jar": {
    "jarName": "aquamirae-forge-1.20.1-6.1.2.jar",
    "modId": "aquamirae",
    "version": "6.1.2"
  },
  "architectury-9.2.14-forge.jar": {
    "jarName": "architectury-9.2.14-forge.jar",
    "modId": "architectury",
    "version": "9.2.14"
  },
  "artifacts-forge-9.5.16.jar": {
    "jarName": "artifacts-forge-9.5.16.jar",
    "modId": "artifacts",
    "version": "9.5.16"
  },
  "athena-forge-1.20.1-3.1.2.jar": {
    "jarName": "athena-forge-1.20.1-3.1.2.jar",
    "modId": "athena",
    "version": "3.1.2"
  },
  "AttributeFix-Forge-1.20.1-21.0.4.jar": {
    "jarName": "AttributeFix-Forge-1.20.1-21.0.4.jar",
    "modId": "attributefix",
    "version": "21.0.4"
  },
  "auudio_forge_1.0.3_MC_1.19.3.jar": {
    "jarName": "auudio_forge_1.0.3_MC_1.19.3.jar",
    "modId": "auudio",
    "version": "1.0.3"
  },
  "BadOptimizations-2.3.1-1.20.1.jar": {
    "jarName": "BadOptimizations-2.3.1-1.20.1.jar",
    "modId": "badoptimizations",
    "version": "2.3.1"
  },
  "badpackets-forge-0.4.3.jar": {
    "jarName": "badpackets-forge-0.4.3.jar",
    "modId": "badpackets",
    "version": "0.4.3"
  },
  "balm-forge-1.20.1-7.3.37-all.jar": {
    "jarName": "balm-forge-1.20.1-7.3.37-all.jar",
    "modId": "balm",
    "version": "7.3.37"
  },
  "bbb-forge-2.0pre3.jar": {
    "jarName": "bbb-forge-2.0pre3.jar",
    "modId": "bbb",
    "version": "2.0pre3"
  },
  "better_weaponry-1.1.3-forge-1.20.1.jar": {
    "jarName": "better_weaponry-1.1.3-forge-1.20.1.jar",
    "modId": "better_weaponry",
    "version": "1.1.3"
  },
  "BetterCompatibilityChecker-forge-4.0.8+mc1.20.1.jar": {
    "jarName": "BetterCompatibilityChecker-forge-4.0.8+mc1.20.1.jar",
    "modId": "bcc",
    "version": "4.0.8"
  },
  "BiomesOPlenty-1.20.1-18.0.0.592.jar": {
    "jarName": "BiomesOPlenty-1.20.1-18.0.0.592.jar",
    "modId": "biomesoplenty",
    "version": "18.0.0.592"
  },
  "blahaj-forge-1.20.1-0.1.8.jar": {
    "jarName": "blahaj-forge-1.20.1-0.1.8.jar",
    "modId": "blahaj",
    "version": "0.1.7"
  },
  "blueprint-1.20.1-7.1.3.jar": {
    "jarName": "blueprint-1.20.1-7.1.3.jar",
    "modId": "blueprint",
    "version": "7.1.3"
  },
  "Bookshelf-Forge-1.20.1-20.2.13.jar": {
    "jarName": "Bookshelf-Forge-1.20.1-20.2.13.jar",
    "modId": "bookshelf",
    "version": "20.2.13"
  },
  "born_in_chaos_[Forge]1.20.1_1.7.3.jar": {
    "jarName": "born_in_chaos_[Forge]1.20.1_1.7.3.jar",
    "modId": "born_in_chaos_v1",
    "version": "1.7.3"
  },
  "Botania-1.20.1-450-FORGE.jar": {
    "jarName": "Botania-1.20.1-450-FORGE.jar",
    "modId": "botania",
    "version": "1.20.1-450-FORGE"
  },
  "BotaniaEditor-1.20.1-1.0.9.jar": {
    "jarName": "BotaniaEditor-1.20.1-1.0.9.jar",
    "modId": "botania_editor",
    "version": "1.20.1-1.0.9"
  },
  "botarium-forge-1.20.1-2.3.4.jar": {
    "jarName": "botarium-forge-1.20.1-2.3.4.jar",
    "modId": "botarium",
    "version": "2.3.4"
  },
  "caelus-forge-3.2.0+1.20.1.jar": {
    "jarName": "caelus-forge-3.2.0+1.20.1.jar",
    "modId": "caelus",
    "version": "3.2.0+1.20.1"
  },
  "camera-forge-1.20.1-1.0.20.jar": {
    "jarName": "camera-forge-1.20.1-1.0.20.jar",
    "modId": "camera",
    "version": "1.20.1-1.0.20"
  },
  "carryon-forge-1.20.1-2.1.2.7.jar": {
    "jarName": "carryon-forge-1.20.1-2.1.2.7.jar",
    "modId": "carryon",
    "version": "2.1.2.7"
  },
  "champions-forge-1.20.1-2.1.12.6.jar": {
    "jarName": "champions-forge-1.20.1-2.1.12.6.jar",
    "modId": "champions",
    "version": "1.20.1-2.1.12.6"
  },
  "charmofundying-forge-6.5.0+1.20.1.jar": {
    "jarName": "charmofundying-forge-6.5.0+1.20.1.jar",
    "modId": "charmofundying",
    "version": "6.5.0+1.20.1"
  },
  "Chimes-v2.0.1-1.20.1.jar": {
    "jarName": "Chimes-v2.0.1-1.20.1.jar",
    "modId": "chimes",
    "version": "2.0.1"
  },
  "chipped-forge-1.20.1-3.0.7.jar": {
    "jarName": "chipped-forge-1.20.1-3.0.7.jar",
    "modId": "chipped",
    "version": "3.0.7"
  },
  "citadel-2.6.2-1.20.1.jar": {
    "jarName": "citadel-2.6.2-1.20.1.jar",
    "modId": "citadel",
    "version": "2.6.2"
  },
  "cloth-config-11.1.136-forge.jar": {
    "jarName": "cloth-config-11.1.136-forge.jar",
    "modId": "cloth_config",
    "version": "11.1.136"
  },
  "Clothing_Of_The_Lowlands-1.0.6-forge-1.20.1.jar": {
    "jarName": "Clothing_Of_The_Lowlands-1.0.6-forge-1.20.1.jar",
    "modId": "lowlands_clothing",
    "version": "1.0.0"
  },
  "Clumps-forge-1.20.1-12.0.0.4.jar": {
    "jarName": "Clumps-forge-1.20.1-12.0.0.4.jar",
    "modId": "clumps",
    "version": "12.0.0.4"
  },
  "ColdSweat-2.3.13.jar": {
    "jarName": "ColdSweat-2.3.13.jar",
    "modId": "cold_sweat",
    "version": "2.3.13"
  },
  "collective-1.20.1-8.13.jar": {
    "jarName": "collective-1.20.1-8.13.jar",
    "modId": "collective",
    "version": "8.13"
  },
  "comforts-forge-6.4.0+1.20.1.jar": {
    "jarName": "comforts-forge-6.4.0+1.20.1.jar",
    "modId": "comforts",
    "version": "6.4.0+1.20.1"
  },
  "CommonCapabilities-1.20.1-2.9.10.jar": {
    "jarName": "CommonCapabilities-1.20.1-2.9.10.jar",
    "modId": "commoncapabilities",
    "version": "2.9.10"
  },
  "connectedglass-1.1.14-forge-mc1.20.1.jar": {
    "jarName": "connectedglass-1.1.14-forge-mc1.20.1.jar",
    "modId": "connectedglass",
    "version": "1.1.14"
  },
  "connectivity-1.20.1-7.2.jar": {
    "jarName": "connectivity-1.20.1-7.2.jar",
    "modId": "connectivity",
    "version": "1.20.1-7.2"
  },
  "constructionwand-1.20.1-2.11.jar": {
    "jarName": "constructionwand-1.20.1-2.11.jar",
    "modId": "constructionwand",
    "version": "1.20.1-2.11"
  },
  "Controlling-forge-1.20.1-12.0.2.jar": {
    "jarName": "Controlling-forge-1.20.1-12.0.2.jar",
    "modId": "controlling",
    "version": "12.0.2"
  },
  "copycats-3.0.2+mc.1.20.1-forge.jar": {
    "jarName": "copycats-3.0.2+mc.1.20.1-forge.jar",
    "modId": "copycats",
    "version": "3.0.2+mc.1.20.1-forge"
  },
  "Corgilib-Forge-1.20.1-4.0.3.4.jar": {
    "jarName": "Corgilib-Forge-1.20.1-4.0.3.4.jar",
    "modId": "corgilib",
    "version": "4.0.3.4"
  },
  "coroutil-forge-1.20.1-1.3.7.jar": {
    "jarName": "coroutil-forge-1.20.1-1.3.7.jar",
    "modId": "coroutil",
    "version": "1.20.1-1.3.7"
  },
  "corpse-forge-1.20.1-1.0.23.jar": {
    "jarName": "corpse-forge-1.20.1-1.0.23.jar",
    "modId": "corpse",
    "version": "1.20.1-1.0.23"
  },
  "cosmeticarmorreworked-1.20.1-v1a.jar": {
    "jarName": "cosmeticarmorreworked-1.20.1-v1a.jar",
    "modId": "cosmeticarmorreworked",
    "version": "1.20.1-v1a"
  },
  "cosycritters-1.20.1-Forge-0.0.6.jar": {
    "jarName": "cosycritters-1.20.1-Forge-0.0.6.jar",
    "modId": "cosycritters",
    "version": "0.0.6"
  },
  "cozy_home-3.0.4-forge-1.20.1.jar": {
    "jarName": "cozy_home-3.0.4-forge-1.20.1.jar",
    "modId": "cozy_home",
    "version": "3.0.4"
  },
  "CrashAssistant-forge-1.19-1.20.1-1.10.18.jar": {
    "jarName": "CrashAssistant-forge-1.19-1.20.1-1.10.18.jar",
    "modId": "crash_assistant",
    "version": "1.10.18"
  },
  "create-1.20.1-6.0.8.jar": {
    "jarName": "create-1.20.1-6.0.8.jar",
    "modId": "create",
    "version": "6.0.8"
  },
  "create-confectionery1.20.1_v1.1.0.jar": {
    "jarName": "create-confectionery1.20.1_v1.1.0.jar",
    "modId": "create_confectionery",
    "version": "1.1.0"
  },
  "create-food-1.20.1-1.1.11-forge.jar": {
    "jarName": "create-food-1.20.1-1.1.11-forge.jar",
    "modId": "createfood",
    "version": "1.1.11-forge"
  },
  "create-stuff-additions1.20.1_v2.1.0.jar": {
    "jarName": "create-stuff-additions1.20.1_v2.1.0.jar",
    "modId": "create_sa",
    "version": "2.1.0"
  },
  "create_central_kitchen-1.20.1-for-create-6.0.6-1.4.3b.jar": {
    "jarName": "create_central_kitchen-1.20.1-for-create-6.0.6-1.4.3b.jar",
    "modId": "create_central_kitchen",
    "version": "1.4.3b"
  },
  "create_connected-1.1.8-mc1.20.1-all.jar": {
    "jarName": "create_connected-1.1.8-mc1.20.1-all.jar",
    "modId": "create_connected",
    "version": "1.1.8-mc1.20.1"
  },
  "create_misc_and_things_ 1.20.1_4.0A.jar": {
    "jarName": "create_misc_and_things_ 1.20.1_4.0A.jar",
    "modId": "create_things_and_misc",
    "version": "1.0.0"
  },
  "create_winery-1.8.0-forge-1.20.1.jar": {
    "jarName": "create_winery-1.8.0-forge-1.20.1.jar",
    "modId": "create_winery",
    "version": "1.8.0"
  },
  "createaddition-1.20.1-1.3.2.jar": {
    "jarName": "createaddition-1.20.1-1.3.2.jar",
    "modId": "createaddition",
    "version": "1.20.1-1.3.2"
  },
  "createbetterfps-1.20.1-1.1.1.jar": {
    "jarName": "createbetterfps-1.20.1-1.1.1.jar",
    "modId": "createbetterfps",
    "version": "1.1.1"
  },
  "CreativeCore_FORGE_v2.12.32_mc1.20.1.jar": {
    "jarName": "CreativeCore_FORGE_v2.12.32_mc1.20.1.jar",
    "modId": "creativecore",
    "version": "2.12.32"
  },
  "creepydecorations-forge-1.20.1-1.0.3.jar": {
    "jarName": "creepydecorations-forge-1.20.1-1.0.3.jar",
    "modId": "creepydecorations",
    "version": "1.0.3"
  },
  "Croptopia-1.20.1-FORGE-3.0.4.jar": {
    "jarName": "Croptopia-1.20.1-FORGE-3.0.4.jar",
    "modId": "croptopia",
    "version": "3.0.4"
  },
  "croptopiadelight-1.3.2.jar": {
    "jarName": "croptopiadelight-1.3.2.jar",
    "modId": "croptopiadelight",
    "version": "1.3.2"
  },
  "CullLessLeaves-Reforged-1.20.1-1.0.5.jar": {
    "jarName": "CullLessLeaves-Reforged-1.20.1-1.0.5.jar",
    "modId": "culllessleaves",
    "version": "1.20.1-1.0.5"
  },
  "cupboard-1.20.1-2.7.jar": {
    "jarName": "cupboard-1.20.1-2.7.jar",
    "modId": "cupboard",
    "version": "1.20.1-2.7"
  },
  "curios-forge-5.14.1+1.20.1.jar": {
    "jarName": "curios-forge-5.14.1+1.20.1.jar",
    "modId": "curios",
    "version": "5.14.1+1.20.1"
  },
  "CustomNPCs-1.20.1-GBPort-Unofficial-20250830.jar": {
    "jarName": "CustomNPCs-1.20.1-GBPort-Unofficial-20250830.jar",
    "modId": "customnpcs",
    "version": "1.20.1.20250830"
  },
  "CustomPlayerModels-1.20-0.6.24a.jar": {
    "jarName": "CustomPlayerModels-1.20-0.6.24a.jar",
    "modId": "cpm",
    "version": "0.6.24a"
  },
  "CyclopsCore-1.20.1-1.21.2.jar": {
    "jarName": "CyclopsCore-1.20.1-1.21.2.jar",
    "modId": "cyclopscore",
    "version": "1.21.2"
  },
  "Data_Anchor-forge-1.20.1-1.0.0.19.jar": {
    "jarName": "Data_Anchor-forge-1.20.1-1.0.0.19.jar",
    "modId": "dataanchor",
    "version": "1.0.0.19"
  },
  "Dave\u0027s Potioneering-forge-1.20.1-13.jar": {
    "jarName": "Dave\u0027s Potioneering-forge-1.20.1-13.jar",
    "modId": "davespotioneering",
    "version": "13"
  },
  "decorative_blocks-forge-1.20.1-4.1.3.jar": {
    "jarName": "decorative_blocks-forge-1.20.1-4.1.3.jar",
    "modId": "decorative_blocks",
    "version": "4.1.3"
  },
  "decorative_lgbt_wall_flags_150.jar": {
    "jarName": "decorative_lgbt_wall_flags_150.jar",
    "modId": "decorative_lgbt_wall_flags",
    "version": "1.5.0"
  },
  "Disenchanting-forge-1.20.1-2.2.4.jar": {
    "jarName": "Disenchanting-forge-1.20.1-2.2.4.jar",
    "modId": "disenchanting",
    "version": "2.2.3"
  },
  "Divine_Weaponry_v1.7_1.20.1.jar": {
    "jarName": "Divine_Weaponry_v1.7_1.20.1.jar",
    "modId": "divine_weaponry",
    "version": "1.6.0"
  },
  "doubledoors-1.20.1-7.2.jar": {
    "jarName": "doubledoors-1.20.1-7.2.jar",
    "modId": "doubledoors",
    "version": "7.2"
  },
  "dummmmmmy-1.20-2.0.9.jar": {
    "jarName": "dummmmmmy-1.20-2.0.9.jar",
    "modId": "dummmmmmy",
    "version": "1.20-2.0.9"
  },
  "dungeons_and_combat-1.2.3-forge-1.20.1.jar": {
    "jarName": "dungeons_and_combat-1.2.3-forge-1.20.1.jar",
    "modId": "dungeons_and_combat",
    "version": "1.2.3"
  },
  "DungeonsArise-1.20.x-2.1.58-release.jar": {
    "jarName": "DungeonsArise-1.20.x-2.1.58-release.jar",
    "modId": "dungeons_arise",
    "version": "2.1.58-1.20.x"
  },
  "DungeonsAriseSevenSeas-1.20.x-1.0.2-forge.jar": {
    "jarName": "DungeonsAriseSevenSeas-1.20.x-1.0.2-forge.jar",
    "modId": "dungeons_arise_seven_seas",
    "version": "1.0.2"
  },
  "durabilitytooltip-1.1.6-forge-mc1.20.jar": {
    "jarName": "durabilitytooltip-1.1.6-forge-mc1.20.jar",
    "modId": "durabilitytooltip",
    "version": "1.1.6"
  },
  "dynamic-fps-3.9.5+minecraft-1.20.0-forge.jar": {
    "jarName": "dynamic-fps-3.9.5+minecraft-1.20.0-forge.jar",
    "modId": "dynamic_fps",
    "version": "3.9.5"
  },
  "easy_npc-forge-1.20.1-5.9.2.jar": {
    "jarName": "easy_npc-forge-1.20.1-5.9.2.jar",
    "modId": "easy_npc",
    "version": "5.9.2"
  },
  "economy-1.1.3-forge-1.20.1.jar": {
    "jarName": "economy-1.1.3-forge-1.20.1.jar",
    "modId": "economy",
    "version": "1.0.0"
  },
  "eidolon_repraised-1.20.1-0.3.8.15.jar": {
    "jarName": "eidolon_repraised-1.20.1-0.3.8.15.jar",
    "modId": "eidolon",
    "version": "0.3.8.15"
  },
  "elevatorid-1.20.1-1.9.1-forge.jar": {
    "jarName": "elevatorid-1.20.1-1.9.1-forge.jar",
    "modId": "elevatorid",
    "version": "1.20.1-1.9.1-forge"
  },
  "embeddium-0.3.31+mc1.20.1.jar": {
    "jarName": "embeddium-0.3.31+mc1.20.1.jar",
    "modId": "embeddium",
    "version": "0.3.31+mc1.20.1"
  },
  "embersrekindled-1.20.1-1.4.3.jar": {
    "jarName": "embersrekindled-1.20.1-1.4.3.jar",
    "modId": "embers",
    "version": "1.20.1-1.4.3"
  },
  "emotecraft-for-MC1.20.1-2.2.7-b.build.50-forge.jar": {
    "jarName": "emotecraft-for-MC1.20.1-2.2.7-b.build.50-forge.jar",
    "modId": "emotecraft",
    "version": "2.2.7-b.build.50"
  },
  "EnchantmentDescriptions-Forge-1.20.1-17.1.19.jar": {
    "jarName": "EnchantmentDescriptions-Forge-1.20.1-17.1.19.jar",
    "modId": "enchdesc",
    "version": "17.1.19"
  },
  "entity_model_features_1.20.1-forge-3.0.1.jar": {
    "jarName": "entity_model_features_1.20.1-forge-3.0.1.jar",
    "modId": "entity_model_features",
    "version": "3.0.1"
  },
  "entity_texture_features_1.20.1-forge-7.0.2.jar": {
    "jarName": "entity_texture_features_1.20.1-forge-7.0.2.jar",
    "modId": "entity_texture_features",
    "version": "7.0.2"
  },
  "entityculling-forge-1.9.3-mc1.20.1.jar": {
    "jarName": "entityculling-forge-1.9.3-mc1.20.1.jar",
    "modId": "entityculling",
    "version": "1.9.3"
  },
  "EpheroLib-1.20.1-FORGE-1.2.0.jar": {
    "jarName": "EpheroLib-1.20.1-FORGE-1.2.0.jar",
    "modId": "epherolib",
    "version": "0.1.2"
  },
  "etched-3.0.4.jar": {
    "jarName": "etched-3.0.4.jar",
    "modId": "etched",
    "version": "3.0.4"
  },
  "fancymenu_forge_3.7.0_MC_1.20.1.jar": {
    "jarName": "fancymenu_forge_3.7.0_MC_1.20.1.jar",
    "modId": "fancymenu",
    "version": "3.7.0"
  },
  "fantasy_armor-1.1.1-1.20.1.jar": {
    "jarName": "fantasy_armor-1.1.1-1.20.1.jar",
    "modId": "fantasy_armor",
    "version": "1.1.1-1.20.1"
  },
  "fantasy_weapons-forge-0.4-1.20.1.jar": {
    "jarName": "fantasy_weapons-forge-0.4-1.20.1.jar",
    "modId": "fantasy_weapons",
    "version": "0.4-1.20.1"
  },
  "fantasyfurniture-1.20.1-9.0.0.jar": {
    "jarName": "fantasyfurniture-1.20.1-9.0.0.jar",
    "modId": "fantasyfurniture",
    "version": "9.0.0"
  },
  "FarmersDelight-1.20.1-1.2.9.jar": {
    "jarName": "FarmersDelight-1.20.1-1.2.9.jar",
    "modId": "farmersdelight",
    "version": "1.20.1-1.2.9"
  },
  "farmersrespite-1.20.1-2.1.2.jar": {
    "jarName": "farmersrespite-1.20.1-2.1.2.jar",
    "modId": "farmersrespite",
    "version": "1.20.1-2.1"
  },
  "FastLeafDecay-32.jar": {
    "jarName": "FastLeafDecay-32.jar",
    "modId": "fastleafdecay",
    "version": "32"
  },
  "ferritecore-6.0.1-forge.jar": {
    "jarName": "ferritecore-6.0.1-forge.jar",
    "modId": "ferritecore",
    "version": "6.0.1"
  },
  "flerovium-forge-1.20.1-1.2.16-all.jar": {
    "jarName": "flerovium-forge-1.20.1-1.2.16-all.jar",
    "modId": "flerovium",
    "version": "1.2.16"
  },
  "forbidden_arcanus-1.20.1-2.2.6.jar": {
    "jarName": "forbidden_arcanus-1.20.1-2.2.6.jar",
    "modId": "forbidden_arcanus",
    "version": "1.20.1-2.2.6"
  },
  "FramedBlocks-9.4.2.jar": {
    "jarName": "FramedBlocks-9.4.2.jar",
    "modId": "framedblocks",
    "version": "9.4.2"
  },
  "framework-forge-1.20.1-0.7.15.jar": {
    "jarName": "framework-forge-1.20.1-0.7.15.jar",
    "modId": "framework",
    "version": "0.7.15"
  },
  "ftb-library-forge-2001.2.10.jar": {
    "jarName": "ftb-library-forge-2001.2.10.jar",
    "modId": "ftblibrary",
    "version": "2001.2.10"
  },
  "fusion-1.2.11a-forge-mc1.20.1.jar": {
    "jarName": "fusion-1.2.11a-forge-mc1.20.1.jar",
    "modId": "fusion",
    "version": "1.2.11+a"
  },
  "fzzy_config-0.7.3+1.20.1+forge.jar": {
    "jarName": "fzzy_config-0.7.3+1.20.1+forge.jar",
    "modId": "fzzy_config",
    "version": "0.7.3+1.20.1+forge"
  },
  "geckolib-forge-1.20.1-4.8.2.jar": {
    "jarName": "geckolib-forge-1.20.1-4.8.2.jar",
    "modId": "geckolib",
    "version": "4.8.2"
  },
  "genshinstrument-1.20-1.20.1-5.0.jar": {
    "jarName": "genshinstrument-1.20-1.20.1-5.0.jar",
    "modId": "genshinstrument",
    "version": "5.0"
  },
  "GeophilicReforged-v1.2.0.jar": {
    "jarName": "GeophilicReforged-v1.2.0.jar",
    "modId": "geophilic_reforged",
    "version": "1.2.0"
  },
  "GlitchCore-forge-1.20.1-0.0.1.1.jar": {
    "jarName": "GlitchCore-forge-1.20.1-0.0.1.1.jar",
    "modId": "glitchcore",
    "version": "0.0.1.1"
  },
  "goblintraders-forge-1.20.1-1.11.5.jar": {
    "jarName": "goblintraders-forge-1.20.1-1.11.5.jar",
    "modId": "goblintraders",
    "version": "1.11.5"
  },
  "gtbcs_geomancy_plus-1.1.0-1.20.1.jar": {
    "jarName": "gtbcs_geomancy_plus-1.1.0-1.20.1.jar",
    "modId": "gtbcs_geomancy_plus",
    "version": "1.1.0-1.20.1"
  },
  "gtbcs_spell_lib-1.3.0-1.20.1.jar": {
    "jarName": "gtbcs_spell_lib-1.3.0-1.20.1.jar",
    "modId": "gtbcs_spell_lib",
    "version": "1.3.0-1.20.1"
  },
  "Hallow mod 1.3-forge-1.20.1.jar": {
    "jarName": "Hallow mod 1.3-forge-1.20.1.jar",
    "modId": "hallow_mod",
    "version": "1.0.0"
  },
  "HammerLib-1.20.1-20.1.50.jar": {
    "jarName": "HammerLib-1.20.1-20.1.50.jar",
    "modId": "hammerlib",
    "version": "20.1.50"
  },
  "handcrafted-forge-1.20.1-3.0.6.jar": {
    "jarName": "handcrafted-forge-1.20.1-3.0.6.jar",
    "modId": "handcrafted",
    "version": "3.0.6"
  },
  "hauntedharvest-1.20-3.2.0.jar": {
    "jarName": "hauntedharvest-1.20-3.2.0.jar",
    "modId": "hauntedharvest",
    "version": "1.20-3.2.0"
  },
  "hearth_and_home-forge-1.20.1-2.0.1.jar": {
    "jarName": "hearth_and_home-forge-1.20.1-2.0.1.jar",
    "modId": "hearth_and_home",
    "version": "1.20.1-2.0.1"
  },
  "hiddennames-1.20.1-1.0.6.jar": {
    "jarName": "hiddennames-1.20.1-1.0.6.jar",
    "modId": "hiddennames",
    "version": "1.20.1-1.0.6"
  },
  "horror_element_mod-1.6.2-forge-1.20.1 (1).jar": {
    "jarName": "horror_element_mod-1.6.2-forge-1.20.1 (1).jar",
    "modId": "horror_element_mod",
    "version": "1.6.2"
  },
  "IAS-Forge-1.20.1-9.0.0.jar": {
    "jarName": "IAS-Forge-1.20.1-9.0.0.jar",
    "modId": "ias",
    "version": "9.0.0"
  },
  "ias_spellbooks-1.1.0-1.20.1.jar": {
    "jarName": "ias_spellbooks-1.1.0-1.20.1.jar",
    "modId": "ias_spellbooks",
    "version": "1.1.0-1.20.1"
  },
  "illageandspillagerespillaged-1.2.8.jar": {
    "jarName": "illageandspillagerespillaged-1.2.8.jar",
    "modId": "illageandspillage",
    "version": "1.2.8"
  },
  "ImmediatelyFast-Forge-1.5.2+1.20.4.jar": {
    "jarName": "ImmediatelyFast-Forge-1.5.2+1.20.4.jar",
    "modId": "immediatelyfast",
    "version": "1.5.2+1.20.4"
  },
  "Incognita MKL 1.0.1 - 1.20.1.jar": {
    "jarName": "Incognita MKL 1.0.1 - 1.20.1.jar",
    "modId": "incognitamkl",
    "version": "1.0.1"
  },
  "incognita-2.8-forge-1.20.1.jar": {
    "jarName": "incognita-2.8-forge-1.20.1.jar",
    "modId": "incognita",
    "version": "2.8"
  },
  "incognitap-1.0.1-forge-1.20.1.jar": {
    "jarName": "incognitap-1.0.1-forge-1.20.1.jar",
    "modId": "incognitap",
    "version": "1.0.0"
  },
  "incontrol-1.20-9.4.1.jar": {
    "jarName": "incontrol-1.20-9.4.1.jar",
    "modId": "incontrol",
    "version": "1.20-9.4.1"
  },
  "inv_view_forge-2.1.0-1.20.1.jar": {
    "jarName": "inv_view_forge-2.1.0-1.20.1.jar",
    "modId": "inv_view_forge",
    "version": "2.1.0-1.20.1"
  },
  "ironfurnaces-1.20.1-4.1.6.jar": {
    "jarName": "ironfurnaces-1.20.1-4.1.6.jar",
    "modId": "ironfurnaces",
    "version": "4.1.6"
  },
  "irons_spellbooks-1.20.1-3.4.0.11.jar": {
    "jarName": "irons_spellbooks-1.20.1-3.4.0.11.jar",
    "modId": "irons_spellbooks",
    "version": "1.20.1-3.4.0.11"
  },
  "Item-Obliterator-NeoForge-MC1.20.1-2.3.1.jar": {
    "jarName": "Item-Obliterator-NeoForge-MC1.20.1-2.3.1.jar",
    "modId": "item_obliterator",
    "version": "2.3.0"
  },
  "Jade-1.20.1-Forge-11.13.2.jar": {
    "jarName": "Jade-1.20.1-Forge-11.13.2.jar",
    "modId": "jade",
    "version": "11.13.2+forge"
  },
  "jeed-1.20-2.2.5.jar": {
    "jarName": "jeed-1.20-2.2.5.jar",
    "modId": "jeed",
    "version": "1.20-2.2.5"
  },
  "jei-1.20.1-forge-15.20.0.112.jar": {
    "jarName": "jei-1.20.1-forge-15.20.0.112.jar",
    "modId": "jei",
    "version": "15.20.0.112"
  },
  "JustEnoughResources-1.20.1-1.4.0.247.jar": {
    "jarName": "JustEnoughResources-1.20.1-1.4.0.247.jar",
    "modId": "jeresources",
    "version": "1.4.0.247"
  },
  "konkrete_forge_1.8.0_MC_1.20-1.20.1.jar": {
    "jarName": "konkrete_forge_1.8.0_MC_1.20-1.20.1.jar",
    "modId": "konkrete",
    "version": "1.8.0"
  },
  "kotlinforforge-4.11.0-all.jar": {
    "jarName": "kotlinforforge-4.11.0-all.jar"
  },
  "L_Enders_Cataclysm-3.16.jar": {
    "jarName": "L_Enders_Cataclysm-3.16.jar",
    "modId": "cataclysm",
    "version": "3.16"
  },
  "lionfishapi-2.4-Fix.jar": {
    "jarName": "lionfishapi-2.4-Fix.jar",
    "modId": "lionfishapi",
    "version": "2.4-Fix"
  },
  "lodestone-1.20.1-1.6.4.1.jar": {
    "jarName": "lodestone-1.20.1-1.6.4.1.jar",
    "modId": "lodestone",
    "version": "1.20.1-1.6.4.1"
  },
  "LongNbtKiller-Forge-1.20.1-1.0.0.jar": {
    "jarName": "LongNbtKiller-Forge-1.20.1-1.0.0.jar",
    "modId": "longnbtkiller",
    "version": "1.0.0"
  },
  "lootr-forge-1.20-0.7.35.93.jar": {
    "jarName": "lootr-forge-1.20-0.7.35.93.jar",
    "modId": "lootr",
    "version": "0.7.35.92"
  },
  "ls_spooky_paintings-2.1.1-forge-1.20.1.jar": {
    "jarName": "ls_spooky_paintings-2.1.1-forge-1.20.1.jar",
    "modId": "ls_spooky_paintings",
    "version": "2.1.1"
  },
  "Mantle-1.20.1-1.11.79.jar": {
    "jarName": "Mantle-1.20.1-1.11.79.jar",
    "modId": "mantle",
    "version": "1.11.79"
  },
  "ManyIdeasCore-1.20.1-1.4.2.jar": {
    "jarName": "ManyIdeasCore-1.20.1-1.4.2.jar",
    "modId": "manyideas_core",
    "version": "1.4.2"
  },
  "ManyIdeasHalloween-1.20.1-1.0.0.jar": {
    "jarName": "ManyIdeasHalloween-1.20.1-1.0.0.jar",
    "modId": "manyideas_halloween",
    "version": "1.0.0"
  },
  "mcjtylib-1.20-8.0.7.jar": {
    "jarName": "mcjtylib-1.20-8.0.7.jar",
    "modId": "mcjtylib",
    "version": "1.20-8.0.7"
  },
  "mcw-fences-1.2.0-1.20.1forge.jar": {
    "jarName": "mcw-fences-1.2.0-1.20.1forge.jar",
    "modId": "mcwfences",
    "version": "1.2.0"
  },
  "mcw-furniture-3.3.0-mc1.20.1forge.jar": {
    "jarName": "mcw-furniture-3.3.0-mc1.20.1forge.jar",
    "modId": "mcwfurnitures",
    "version": "3.3.0"
  },
  "melody_forge_1.0.3_MC_1.20.1-1.20.4.jar": {
    "jarName": "melody_forge_1.0.3_MC_1.20.1-1.20.4.jar",
    "modId": "melody",
    "version": "1.0.2"
  },
  "modernfix-forge-5.24.4+mc1.20.1.jar": {
    "jarName": "modernfix-forge-5.24.4+mc1.20.1.jar",
    "modId": "modernfix",
    "version": "5.24.4+mc1.20.1"
  },
  "modonomicon-1.20.1-forge-1.79.2.jar": {
    "jarName": "modonomicon-1.20.1-forge-1.79.2.jar",
    "modId": "modonomicon",
    "version": "1.79.2"
  },
  "moonlight-1.20-2.16.15-forge.jar": {
    "jarName": "moonlight-1.20-2.16.15-forge.jar",
    "modId": "moonlight",
    "version": "1.20-2.16.15"
  },
  "MouseTweaks-forge-mc1.20.1-2.25.1.jar": {
    "jarName": "MouseTweaks-forge-mc1.20.1-2.25.1.jar",
    "modId": "mousetweaks",
    "version": "2.25.1"
  },
  "mowziesmobs-1.7.3.jar": {
    "jarName": "mowziesmobs-1.7.3.jar",
    "modId": "mowziesmobs",
    "version": "1.7.3"
  },
  "NBTac-FORGE-1.20.1-1.3.10.jar": {
    "jarName": "NBTac-FORGE-1.20.1-1.3.10.jar",
    "modId": "nbt_ac",
    "version": "1.3.10"
  },
  "Necronomicon-Forge-1.6.0+1.20.1.jar": {
    "jarName": "Necronomicon-Forge-1.6.0+1.20.1.jar",
    "modId": "necronomicon",
    "version": "1.6.0"
  },
  "notenoughanimations-forge-1.10.6-mc1.20.1.jar": {
    "jarName": "notenoughanimations-forge-1.10.6-mc1.20.1.jar",
    "modId": "notenoughanimations",
    "version": "1.10.6"
  },
  "obscure_api-18.jar": {
    "jarName": "obscure_api-18.jar",
    "modId": "obscure_api",
    "version": "18"
  },
  "occultism-1.20.1-1.153.0.jar": {
    "jarName": "occultism-1.20.1-1.153.0.jar",
    "modId": "occultism",
    "version": "1.153.0"
  },
  "OctoLib-FORGE-0.5.0.1+1.20.1.jar": {
    "jarName": "OctoLib-FORGE-0.5.0.1+1.20.1.jar",
    "modId": "octolib",
    "version": "0.5.0.1"
  },
  "oculus-mc1.20.1-1.8.0.jar": {
    "jarName": "oculus-mc1.20.1-1.8.0.jar",
    "modId": "oculus",
    "version": "1.8.0"
  },
  "origins-forge-1.20.1-1.10.0.9-all.jar": {
    "jarName": "origins-forge-1.20.1-1.10.0.9-all.jar",
    "modId": "origins",
    "version": "1.20.1-1.10.0.9"
  },
  "overloadedarmorbar-1.20.1-1.jar": {
    "jarName": "overloadedarmorbar-1.20.1-1.jar",
    "modId": "overloadedarmorbar",
    "version": "1.20.1-1"
  },
  "Paraglider-forge-20.1.3.jar": {
    "jarName": "Paraglider-forge-20.1.3.jar",
    "modId": "paraglider",
    "version": "20.1.3"
  },
  "ParCool-1.20.1-3.4.1.5.jar": {
    "jarName": "ParCool-1.20.1-3.4.1.5.jar",
    "modId": "parcool",
    "version": "3.4.1.5"
  },
  "particle_core-0.2.6+1.20.1+forge.jar": {
    "jarName": "particle_core-0.2.6+1.20.1+forge.jar",
    "modId": "particle_core",
    "version": "0.2.6+1.20.1+forge"
  },
  "Patchouli-1.20.1-84.1-FORGE.jar": {
    "jarName": "Patchouli-1.20.1-84.1-FORGE.jar",
    "modId": "patchouli",
    "version": "1.20.1-84.1-FORGE"
  },
  "Pehkui-3.8.2+1.20.1-forge.jar": {
    "jarName": "Pehkui-3.8.2+1.20.1-forge.jar",
    "modId": "pehkui",
    "version": "3.8.2+1.20.1-forge"
  },
  "pipez-forge-1.20.1-1.2.26.jar": {
    "jarName": "pipez-forge-1.20.1-1.2.26.jar",
    "modId": "pipez",
    "version": "1.20.1-1.2.26"
  },
  "Placebo-1.20.1-8.6.3.jar": {
    "jarName": "Placebo-1.20.1-8.6.3.jar",
    "modId": "placebo",
    "version": "8.6.3"
  },
  "player-animation-lib-forge-1.0.2-rc1+1.20.jar": {
    "jarName": "player-animation-lib-forge-1.0.2-rc1+1.20.jar",
    "modId": "playeranimator",
    "version": "1.0.2-rc1+1.20"
  },
  "PlayerRevive_FORGE_v2.0.31_mc1.20.1.jar": {
    "jarName": "PlayerRevive_FORGE_v2.0.31_mc1.20.1.jar",
    "modId": "playerrevive",
    "version": "2.0.31"
  },
  "polymorph-forge-0.49.10+1.20.1.jar": {
    "jarName": "polymorph-forge-0.49.10+1.20.1.jar",
    "modId": "polymorph",
    "version": "0.49.10+1.20.1"
  },
  "Quark-4.0-462.jar": {
    "jarName": "Quark-4.0-462.jar",
    "modId": "quark",
    "version": "4.0-462"
  },
  "radiantgear-forge-2.2.0+1.20.1.jar": {
    "jarName": "radiantgear-forge-2.2.0+1.20.1.jar",
    "modId": "radiantgear",
    "version": "2.2.0+1.20.1"
  },
  "radium-mc1.20.1-0.12.4+git.26c9d8e.jar": {
    "jarName": "radium-mc1.20.1-0.12.4+git.26c9d8e.jar",
    "modId": "radium",
    "version": "0.12.4+git.26c9d8e"
  },
  "refinedpolymorph-0.1.1-1.20.1.jar": {
    "jarName": "refinedpolymorph-0.1.1-1.20.1.jar",
    "modId": "refinedpolymorph",
    "version": "0.1.1-1.20.1"
  },
  "refinedstorage-1.12.4.jar": {
    "jarName": "refinedstorage-1.12.4.jar",
    "modId": "refinedstorage",
    "version": "1.12.4"
  },
  "refinedstorageaddons-0.10.0.jar": {
    "jarName": "refinedstorageaddons-0.10.0.jar",
    "modId": "refinedstorageaddons",
    "version": "0.10.0"
  },
  "refurbished_furniture-forge-1.20.1-1.0.20.jar": {
    "jarName": "refurbished_furniture-forge-1.20.1-1.0.20.jar",
    "modId": "refurbished_furniture",
    "version": "1.0.20"
  },
  "resourcefullib-forge-1.20.1-2.1.29.jar": {
    "jarName": "resourcefullib-forge-1.20.1-2.1.29.jar",
    "modId": "resourcefullib",
    "version": "2.1.29"
  },
  "rubidium-extra-0.5.4.4+mc1.20.1-build.131.jar": {
    "jarName": "rubidium-extra-0.5.4.4+mc1.20.1-build.131.jar",
    "modId": "embeddium_extra",
    "version": "0.5.4.4+mc1.20.1-build.131"
  },
  "savage_and_ravage-1.20.1-6.0.1.jar": {
    "jarName": "savage_and_ravage-1.20.1-6.0.1.jar",
    "modId": "savage_and_ravage",
    "version": "6.0.1"
  },
  "scholar-1.20.1-1.1.9-forge.jar": {
    "jarName": "scholar-1.20.1-1.1.9-forge.jar",
    "modId": "scholar",
    "version": "1.1.9"
  },
  "Searchables-forge-1.20.1-1.0.3.jar": {
    "jarName": "Searchables-forge-1.20.1-1.0.3.jar",
    "modId": "searchables",
    "version": "1.0.3"
  },
  "simplehats-forge-1.20.1-0.3.2.jar": {
    "jarName": "simplehats-forge-1.20.1-0.3.2.jar",
    "modId": "simplehats",
    "version": "1.20.1-0.3.2"
  },
  "SmartBrainLib-forge-1.20.1-1.15.jar": {
    "jarName": "SmartBrainLib-forge-1.20.1-1.15.jar",
    "modId": "smartbrainlib",
    "version": "1.15"
  },
  "sons-of-sins-1.20.1-2.1.10.jar": {
    "jarName": "sons-of-sins-1.20.1-2.1.10.jar",
    "modId": "sons_of_sins",
    "version": "2.1.10"
  },
  "sophisticatedbackpacks-1.20.1-3.24.12.1411.jar": {
    "jarName": "sophisticatedbackpacks-1.20.1-3.24.12.1411.jar",
    "modId": "sophisticatedbackpacks",
    "version": "3.24.12.1411"
  },
  "sophisticatedcore-1.20.1-1.2.107.1240.jar": {
    "jarName": "sophisticatedcore-1.20.1-1.2.107.1240.jar",
    "modId": "sophisticatedcore",
    "version": "1.2.107.1240"
  },
  "sophisticatedstorage-1.20.1-1.4.15.1362.jar": {
    "jarName": "sophisticatedstorage-1.20.1-1.4.15.1362.jar",
    "modId": "sophisticatedstorage",
    "version": "1.4.15.1362"
  },
  "sound-physics-remastered-forge-1.20.1-1.5.1.jar": {
    "jarName": "sound-physics-remastered-forge-1.20.1-1.5.1.jar",
    "modId": "sound_physics_remastered",
    "version": "1.20.1-1.5.1"
  },
  "spark-1.10.53-forge.jar": {
    "jarName": "spark-1.10.53-forge.jar",
    "modId": "spark",
    "version": "1.10.53"
  },
  "spookytrees-1.0.1-forge-1.20.1.jar": {
    "jarName": "spookytrees-1.0.1-forge-1.20.1.jar",
    "modId": "spookytrees",
    "version": "1.0.1"
  },
  "supermartijn642configlib-1.1.8-forge-mc1.20.jar": {
    "jarName": "supermartijn642configlib-1.1.8-forge-mc1.20.jar",
    "modId": "supermartijn642configlib",
    "version": "1.1.8"
  },
  "supermartijn642corelib-1.1.18-forge-mc1.20.1.jar": {
    "jarName": "supermartijn642corelib-1.1.18-forge-mc1.20.1.jar",
    "modId": "supermartijn642corelib",
    "version": "1.1.18"
  },
  "supplementaries-1.20-3.1.41.jar": {
    "jarName": "supplementaries-1.20-3.1.41.jar",
    "modId": "supplementaries",
    "version": "1.20-3.1.41"
  },
  "TCIntegrations-1.20.1-2.0.25.17.jar": {
    "jarName": "TCIntegrations-1.20.1-2.0.25.17.jar",
    "modId": "tcintegrations",
    "version": "2.0.25.17"
  },
  "TConstruct-1.20.1-3.10.2.92.jar": {
    "jarName": "TConstruct-1.20.1-3.10.2.92.jar",
    "modId": "tconstruct",
    "version": "3.10.2.92"
  },
  "TerraBlender-forge-1.20.1-3.0.1.10.jar": {
    "jarName": "TerraBlender-forge-1.20.1-3.0.1.10.jar",
    "modId": "terrablender",
    "version": "3.0.1.10"
  },
  "ThirstWasTaken-1.20.1-1.4.0.jar": {
    "jarName": "ThirstWasTaken-1.20.1-1.4.0.jar",
    "modId": "thirst",
    "version": "1.20.1-1.4.0"
  },
  "time-in-a-bottle-4.0.4-mc1.20.1.jar": {
    "jarName": "time-in-a-bottle-4.0.4-mc1.20.1.jar",
    "modId": "tiab",
    "version": "4.0.4-mc1.20.1"
  },
  "tinkersjewelry-1.2.0.jar": {
    "jarName": "tinkersjewelry-1.2.0.jar",
    "modId": "tinkersjewelry",
    "version": "1.2.0"
  },
  "tleveling-0.2.5-1.20.1.jar": {
    "jarName": "tleveling-0.2.5-1.20.1.jar",
    "modId": "tleveling",
    "version": "0.2.5-1.20.1"
  },
  "torchmaster-20.1.9.jar": {
    "jarName": "torchmaster-20.1.9.jar",
    "modId": "torchmaster",
    "version": "20.1.9"
  },
  "traveloptics-5.7.0-1.20.1.jar": {
    "jarName": "traveloptics-5.7.0-1.20.1.jar",
    "modId": "traveloptics",
    "version": "5.7.0-1.20.1"
  },
  "Twigs-1.20.1-3.1.0.jar": {
    "jarName": "Twigs-1.20.1-3.1.0.jar",
    "modId": "twigs",
    "version": "1.20.1-3.1.1"
  },
  "valhelsia_core-forge-1.20.1-1.1.2.jar": {
    "jarName": "valhelsia_core-forge-1.20.1-1.1.2.jar",
    "modId": "valhelsia_core",
    "version": "1.1.2"
  },
  "voicechat-forge-1.20.1-2.6.6.jar": {
    "jarName": "voicechat-forge-1.20.1-2.6.6.jar",
    "modId": "voicechat",
    "version": "1.20.1-2.6.6"
  },
  "wardrobe-1.0.3.1-forge-1.20.1.jar": {
    "jarName": "wardrobe-1.0.3.1-forge-1.20.1.jar",
    "modId": "wardrobe",
    "version": "1.0.3.1"
  },
  "waterframes-FORGE-mc1.20.1-v2.1.22.jar": {
    "jarName": "waterframes-FORGE-mc1.20.1-v2.1.22.jar",
    "modId": "waterframes",
    "version": "2.1.22"
  },
  "watermedia-2.1.36.jar": {
    "jarName": "watermedia-2.1.36.jar",
    "modId": "watermedia",
    "version": "2.1.36"
  },
  "watervision-FG-mc1.20.1-v0.1.0-alpha.jar": {
    "jarName": "watervision-FG-mc1.20.1-v0.1.0-alpha.jar",
    "modId": "watervision",
    "version": "0.1.0-alpha"
  },
  "waystones-forge-1.20.1-14.1.17.jar": {
    "jarName": "waystones-forge-1.20.1-14.1.17.jar",
    "modId": "waystones",
    "version": "14.1.17"
  },
  "weaponmaster_ydm-forge-1.20.1-4.2.3.jar": {
    "jarName": "weaponmaster_ydm-forge-1.20.1-4.2.3.jar",
    "modId": "weaponmaster_ydm",
    "version": "4.2.3"
  },
  "Xaeros_Minimap_25.2.10_Forge_1.20.jar": {
    "jarName": "Xaeros_Minimap_25.2.10_Forge_1.20.jar",
    "modId": "xaerominimap",
    "version": "25.2.10"
  },
  "xaeros_waystones_compability-1.0.jar": {
    "jarName": "xaeros_waystones_compability-1.0.jar",
    "modId": "w2w2",
    "version": "1.0"
  },
  "XaerosWorldMap_1.39.12_Forge_1.20.jar": {
    "jarName": "XaerosWorldMap_1.39.12_Forge_1.20.jar",
    "modId": "xaeroworldmap",
    "version": "1.39.12"
  },
  "xercapaint-1.20.1-1.0.1.jar": {
    "jarName": "xercapaint-1.20.1-1.0.1.jar",
    "modId": "xercapaint",
    "version": "1.20.1-1.0.1"
  },
  "yet_another_config_lib_v3-3.6.6+1.20.1-forge.jar": {
    "jarName": "yet_another_config_lib_v3-3.6.6+1.20.1-forge.jar",
    "modId": "yet_another_config_lib_v3",
    "version": "3.6.6+1.20.1-forge"
  },
  "YungsApi-1.20-Forge-4.0.6.jar": {
    "jarName": "YungsApi-1.20-Forge-4.0.6.jar",
    "modId": "yungsapi",
    "version": "1.20-Forge-4.0.6"
  },
  "YungsBetterDungeons-1.20-Forge-4.0.4.jar": {
    "jarName": "YungsBetterDungeons-1.20-Forge-4.0.4.jar",
    "modId": "betterdungeons",
    "version": "1.20-Forge-4.0.4"
  },
  "Zeta-1.0-30.jar": {
    "jarName": "Zeta-1.0-30.jar",
    "modId": "zeta",
    "version": "1.0-30"
  }
}